Company,Address,Website,Linkedin
Tecsolvent Software Technologies,http://techsolic.com/,"2, Fourth Floor, GoSpaze Coworking centre, SSR Complex, Varthur Main Rd, Kumarapalli, Thubarahalli, Whitefield, Bengaluru, Karnataka 560066 ",https://in.linkedin.com/company/techsolvent-digital-marketing-consultant
Girmiti Software PVT LTD,https://www.girmiti.com/,"No.2/3, SLV Plaza, Arvind Avenue, 60 Feet Rd, Marathahalli, Bengaluru, Karnataka 560037 ",https://in.linkedin.com/company/girmiti-software
Surge Software Solutions Private Limited,Not present on google business profiles,Not present on google business profiles,https://in.linkedin.com/company/surgesoftwaresolutions
Feedoozy Technologies,Not present on google business profiles,"28/4, 4th Floor, Above Prima Diagnostic Siddapura Village, Varthur - Whitefield main road Landmark:, Varthur Main Rd, next to Mainland China, Whitefield, Bengaluru, Karnataka 560066 ",https://in.linkedin.com/in/shivaji-sangle-ab7105253
Lumen Technologies India Pvt. Ltd.,Not present on google business profiles,"WMPR+V6P, Outer Ring Road, Service Rd, Bengaluru, Karnataka 560103 ",https://in.linkedin.com/company/lumen-technologies-india
Nextbrain Technologies Pvt Ltd | Bangalore,https://www.nextbraintech.com/contact-us,"#44, 2nd floor, 1st cross, 2nd main, Prasanth extension, Whitefield, Bengaluru, Karnataka 560066 ",https://in.linkedin.com/company/nextbraintech
International Tech Park Bengaluru (ITPB),https://www.capitaland.com/,"ITPL Main Rd, Pattandur Agrahara, Whitefield, Bengaluru, Karnataka 560066 ",Not present on google business profiles
Brigade Tech Gardens,https://www.brigadegroup.com/commercial/projects/bengaluru/brigade-tech-gardens,"1, Brigade Tech Gardens, Kundalahalli, Brookefields Green Avenue, Kundalahalli, ITPL Main Rd, Phase 2, Brookefield, Bengaluru, Karnataka 560037 ",Not present on google business profiles
Soft Suave Technologies,https://www.softsuave.com/,"Gayatri Tech Park (4th floor Plot 183, EPIP, Near iGate, KIADB Industrial Area, Road, 1B, EPIP Zone Whitefield Rd, Kundalahalli, Whitefield, Bengaluru, Karnataka 560066 ",https://in.linkedin.com/company/softsuave
Madewell Technologies Private Limited,Not present on google business profiles,"4th floor, 28/4, Kundalahalli Main Rd, Thubarahalli, Whitefield, Bengaluru, Karnataka 560066 ",https://in.linkedin.com/company/madewell-technologies
Techasoft Pvt. Ltd.,https://www.techasoft.com/,"3rd Floor, 435, 27th Main Rd, 1st Sector, HSR Layout, Bengaluru, Karnataka 560102 ",https://ca.linkedin.com/company/techasoft-pvt-ltd
Capgemini Technology Services India Limited,https://www.capgemini.com/,"XPF8+8V4 UNIT-2B, EXPORT PROMOTION INDUSTRIAL PARK-8, 155-156, EPIP Zone Whitefield Rd, Phase 2, Brookefield, Bengaluru, Karnataka 560066 ",https://in.linkedin.com/company/capgemini
Xeedo Technologies,https://xeedo.in/,"4th Floor, SGR Plaza, Market Bus Stop, HAL Old Airport Rd, above Federal Bank, Marathahalli Village, Marathahalli, Bengaluru, Karnataka 560037 ",https://in.linkedin.com/company/xeedotechnologies
INDIQSOFT SOLUTIONS PRIVATE LIMITED,http://indiqsoft.com/,"4th floor, Saroj Square Silver Springs Road, Munnekollal Main Rd, near Kavery Hospital, Marathahalli, Bengaluru, Karnataka 560037 ",https://in.linkedin.com/in/indiqsoft-solutions-3966b8252
Banao Technologies,https://www.banao.tech/,"809/1, Ferns Paradise, Doddanekkundi, Bengaluru, Karnataka 560048 ",https://in.linkedin.com/company/banao-tech
